﻿Designator,Footprint,Quantity,Value,LCSC Part #
"C1, C5, C7",C_0603,3,10n,
"C10, C4, C6, C9",C_0603,4,100n,
C11,C_0603,1,150p,
C12,C_1206,1,22u,
C13,C_0603,1,10u,
C14,CP_Radial_D10.0mm_P7.50mm,1,470u,
"C2, C3",C_0603,2,10p,
C8,CP_EIA-7343-30_AVX-N,1,47u,
D1,D_SMA,1,SS34,
D2,0603,1,5V,
D4,0603,1,STT,
J1,PinHeader_1x05_P2.54mm_Vertical,1,ISP_CON,
J2,JST 4,1,JST 2.54X4,
J4,JST 3,1,AS5600,
"J5, J6","TerminalBlock_Phoenix_MKDS-1,5-2_1x02_P5.00mm_Horizontal",2,Motor,
J7,JST 5,1,JST 2.54x5,
L1,L_7.3x7.3_H4.5,1,10uH,
R1,R_0603,1,4.7K,
"R10, R8, R9",R_0603,3,10R,
"R11, R12, R13, R14, R15, R16, R17, R18",R_0603,8,10K,
"R19, R21",R_0603,2,4.7K,
"R2, R4, R5",R_0603,3,100K,
R3,R_0603,1,30K,
R6,R_0603,1,43K,
R7,R_0603,1,8.2K,
SW1,SW_Tactile_SPST_NO_Straight_CK_PTS636Sx25SMTRLFS,1,RST_BUT,
U1,QFP80P1200X1200X120-44N,1,PIC16F887-I_PT,PIC16F887-I/PT
U2,SOIC-8-1EP_3.9x4.9mm_P1.27mm_EP2.514x3.2mm_ThermalVias,1,MP1584EN-LF-P,
U3,SOP-20_7.5x12.8mm_P1.27mm,1,74HC244,
"U4, U5",TO-263-7_TabPin4,2,BTS7960B,
Y1,Crystal_SMD_HC49-SD,1,20M,
